NUMCDC;NOME;ENDERECO;NUM_CASA;BAIRRO;CLASSE;SITUACAO;CIRCUITO;CONJUNTO;TRANSFORMADOR;MEDIDOR;FASES;LAT;LONG;COD_POSTE
983750;Carlos Oliveira;Rua 398;8440;Jardim Europa;Comercial;ATIVO;CIR542;CONJ33;TR4897;MED101476;MONO;-21.530443;-42.638946;P46570
480024;Joao Silva;Rua 220;8453;Bela Vista;Rural;ATIVO;CIR976;CONJ73;TR6912;MED328455;TRI;-21.538217;-42.647248;P62894
790078;Juliana Costa;Rua 537;3915;Jardim Europa;Residencial;INATIVO;CIR462;CONJ24;TR6538;MED936051;BI;-21.529548;-42.648090;P50499
721586;Pedro Santos;Rua 633;9669;Bela Vista;Comercial;ATIVO;CIR293;CONJ88;TR6959;MED554905;BI;-21.497769;-42.572492;P54811
281380;Pedro Santos;Rua 166;9336;Industrial;Comercial;INATIVO;CIR716;CONJ78;TR4352;MED958291;TRI;-21.515473;-42.633623;P60702
899857;Maria Souza;Rua 992;4581;Centro;Rural;ATIVO;CIR613;CONJ31;TR8234;MED685264;MONO;-21.525559;-42.632732;P26982
460012;Ana Lima;Rua 130;7482;Sao Jose;Rural;INATIVO;CIR808;CONJ70;TR2045;MED454808;BI;-21.520932;-42.631731;P57732
216141;Maria Souza;Rua 116;2351;Bela Vista;Rural;ATIVO;CIR640;CONJ82;TR1201;MED385955;BI;-21.534976;-42.638954;P95220
343447;Joao Silva;Rua 108;6231;Bela Vista;Rural;INATIVO;CIR339;CONJ80;TR7960;MED260590;TRI;-21.533221;-42.638728;P11445
241279;Joao Silva;Rua 826;5760;Centro;Residencial;INATIVO;CIR972;CONJ19;TR8479;MED918611;TRI;-21.525679;-42.622020;P26717
577401;Juliana Costa;Rua 946;6700;Sao Jose;Rural;INATIVO;CIR174;CONJ79;TR1720;MED906567;TRI;-21.528779;-42.649076;P27724
867513;Juliana Costa;Rua 168;7198;Jardim Europa;Residencial;INATIVO;CIR533;CONJ20;TR9246;MED168352;MONO;-21.514217;-42.639248;P65562
524647;Carlos Oliveira;Rua 581;435;Jardim Europa;Comercial;ATIVO;CIR986;CONJ44;TR5662;MED913280;BI;-21.531136;-42.640055;P46616
410395;Pedro Santos;Rua 867;7523;Centro;Residencial;INATIVO;CIR444;CONJ34;TR1359;MED873503;TRI;-21.524338;-42.640792;P83806
854841;Pedro Santos;Rua 677;4993;Sao Jose;Rural;ATIVO;CIR539;CONJ32;TR2630;MED617839;MONO;-21.524595;-42.639803;P51181
746385;Joao Silva;Rua 62;4715;Jardim Europa;Comercial;ATIVO;CIR547;CONJ75;TR7862;MED180377;TRI;-21.643230;-42.760218;P49839
512683;Ana Lima;Rua 845;8147;Jardim Europa;Rural;ATIVO;CIR504;CONJ39;TR6029;MED209997;BI;-21.510507;-42.656008;P64106
155719;Ana Lima;Rua 563;2483;Centro;Residencial;INATIVO;CIR716;CONJ44;TR6742;MED200534;BI;-21.528324;-42.636225;P62264
856311;Maria Souza;Rua 976;2353;Bela Vista;Residencial;INATIVO;CIR756;CONJ21;TR7400;MED867107;MONO;-21.537424;-42.645454;P20602
910284;Ana Lima;Rua 614;448;Sao Jose;Industrial;ATIVO;CIR611;CONJ92;TR6330;MED170978;BI;-21.526231;-42.647632;P63129
491587;Maria Souza;Rua 538;6228;Centro;Rural;ATIVO;CIR442;CONJ38;TR9527;MED105897;TRI;-21.535944;-42.642283;P37182
452911;Maria Souza;Rua 672;5256;Industrial;Residencial;INATIVO;CIR276;CONJ48;TR4948;MED621721;TRI;-21.536355;-42.637509;P98649
835173;Maria Souza;Rua 556;2256;Bela Vista;Comercial;ATIVO;CIR790;CONJ70;TR9455;MED690247;MONO;-21.533552;-42.638189;P96027
454616;Ana Lima;Rua 614;8149;Bela Vista;Residencial;INATIVO;CIR394;CONJ70;TR9100;MED803403;BI;-21.534272;-42.640009;P65252
802760;Maria Souza;Rua 320;1372;Jardim Europa;Rural;INATIVO;CIR436;CONJ50;TR9697;MED168423;TRI;-21.530735;-42.651285;P54165
881239;Maria Souza;Rua 869;5577;Industrial;Industrial;INATIVO;CIR795;CONJ85;TR3185;MED574138;MONO;-21.518772;-42.635656;P54324
108877;Joao Silva;Rua 906;3192;Bela Vista;Industrial;ATIVO;CIR317;CONJ80;TR1935;MED708275;MONO;-21.495175;-42.563212;P11621
839136;Ana Lima;Rua 609;4774;Sao Jose;Comercial;INATIVO;CIR576;CONJ61;TR1851;MED767602;MONO;-21.524179;-42.648698;P35441
809612;Maria Souza;Rua 749;5713;Industrial;Comercial;ATIVO;CIR452;CONJ17;TR4964;MED375297;TRI;-21.534777;-42.642485;P85028
308145;Juliana Costa;Rua 551;5556;Bela Vista;Rural;INATIVO;CIR400;CONJ63;TR4233;MED874244;MONO;-21.518729;-42.634267;P91988
231362;Joao Silva;Rua 584;2781;Centro;Industrial;ATIVO;CIR268;CONJ86;TR3106;MED429599;BI;-21.526281;-42.641581;P99852
602411;Pedro Santos;Rua 404;613;Sao Jose;Comercial;ATIVO;CIR240;CONJ10;TR1548;MED125845;BI;-21.533521;-42.652958;P76286
551798;Maria Souza;Rua 356;5089;Jardim Europa;Residencial;INATIVO;CIR629;CONJ87;TR1309;MED912717;TRI;-21.526343;-42.639912;P53496
502430;Juliana Costa;Rua 97;6819;Industrial;Industrial;INATIVO;CIR312;CONJ59;TR2754;MED739037;TRI;-21.527387;-42.649774;P12654
264802;Maria Souza;Rua 568;5602;Sao Jose;Rural;ATIVO;CIR320;CONJ16;TR9281;MED560445;TRI;-21.538049;-42.635412;P48566
848527;Maria Souza;Rua 683;4369;Bela Vista;Residencial;ATIVO;CIR658;CONJ45;TR4153;MED104753;TRI;-21.535563;-42.651101;P86002
103293;Maria Souza;Rua 787;9303;Bela Vista;Rural;INATIVO;CIR571;CONJ74;TR5700;MED839909;BI;-21.551242;-42.644204;P52686
965892;Maria Souza;Rua 596;7924;Bela Vista;Rural;ATIVO;CIR990;CONJ31;TR2365;MED994435;MONO;-21.526144;-42.636524;P59666
165159;Ana Lima;Rua 939;3545;Sao Jose;Comercial;ATIVO;CIR925;CONJ60;TR5523;MED599327;MONO;-21.514757;-42.634990;P10628
628065;Joao Silva;Rua 742;1434;Bela Vista;Residencial;INATIVO;CIR147;CONJ89;TR8039;MED567114;MONO;-21.524737;-42.638981;P70787
531529;Maria Souza;Rua 245;4667;Bela Vista;Industrial;INATIVO;CIR618;CONJ73;TR2424;MED692827;TRI;-21.533452;-42.636351;P23927
492859;Pedro Santos;Rua 201;3884;Bela Vista;Comercial;ATIVO;CIR393;CONJ38;TR8254;MED843868;TRI;-21.521034;-42.633212;P31163
295508;Joao Silva;Rua 254;3854;Centro;Residencial;ATIVO;CIR824;CONJ62;TR9752;MED244619;MONO;-21.518394;-42.634895;P51928
527484;Maria Souza;Rua 452;5298;Industrial;Industrial;INATIVO;CIR801;CONJ66;TR8743;MED325245;MONO;-21.510038;-42.722452;P17068
538327;Juliana Costa;Rua 311;8517;Jardim Europa;Residencial;ATIVO;CIR508;CONJ15;TR9320;MED290429;TRI;-21.532684;-42.636507;P74489
667174;Maria Souza;Rua 195;4744;Industrial;Residencial;ATIVO;CIR694;CONJ14;TR5154;MED448655;MONO;-21.523708;-42.635176;P31376
710824;Pedro Santos;Rua 678;556;Industrial;Industrial;ATIVO;CIR321;CONJ17;TR1095;MED292686;MONO;-21.547415;-42.685293;P44917
778178;Pedro Santos;Rua 178;3095;Industrial;Industrial;INATIVO;CIR550;CONJ83;TR5031;MED678841;TRI;-21.537885;-42.639714;P66403
345892;Juliana Costa;Rua 568;6546;Bela Vista;Comercial;INATIVO;CIR746;CONJ37;TR3805;MED673856;BI;-21.536952;-42.646552;P25810
660854;Ana Lima;Rua 466;5205;Sao Jose;Rural;INATIVO;CIR984;CONJ82;TR2489;MED412996;TRI;-21.528747;-42.648032;P38457
870221;Pedro Santos;Rua 554;5491;Jardim Europa;Comercial;ATIVO;CIR895;CONJ57;TR6841;MED923766;BI;-21.524496;-42.631408;P15706
137390;Ana Lima;Rua 404;4220;Centro;Residencial;INATIVO;CIR584;CONJ34;TR3381;MED215417;BI;-21.533050;-42.638585;P76167
764811;Joao Silva;Rua 175;3207;Industrial;Industrial;INATIVO;CIR127;CONJ65;TR3476;MED706919;MONO;-21.535974;-42.638645;P61809
568675;Pedro Santos;Rua 425;919;Industrial;Industrial;INATIVO;CIR897;CONJ24;TR3230;MED614481;BI;-21.534130;-42.659636;P85444
697826;Juliana Costa;Rua 122;3702;Jardim Europa;Rural;ATIVO;CIR720;CONJ64;TR1031;MED427717;MONO;-21.528850;-42.568688;P70057
827070;Juliana Costa;Rua 263;555;Sao Jose;Comercial;INATIVO;CIR585;CONJ92;TR2152;MED738129;MONO;-21.530821;-42.645236;P96308
292359;Juliana Costa;Rua 979;9298;Centro;Industrial;INATIVO;CIR531;CONJ48;TR8379;MED523103;MONO;-21.521984;-42.633594;P29436
552965;Maria Souza;Rua 374;7018;Centro;Rural;ATIVO;CIR539;CONJ20;TR7860;MED816324;BI;-21.515618;-42.628494;P49235
557411;Pedro Santos;Rua 674;7277;Industrial;Residencial;ATIVO;CIR448;CONJ68;TR4135;MED613361;BI;-21.530995;-42.642885;P45624
877403;Carlos Oliveira;Rua 631;1808;Centro;Industrial;INATIVO;CIR886;CONJ14;TR3482;MED825630;TRI;-21.530995;-42.642885;P29920
622058;Pedro Santos;Rua 311;5986;Industrial;Residencial;ATIVO;CIR382;CONJ50;TR9986;MED529196;TRI;-21.515247;-42.630825;P81210
462848;Ana Lima;Rua 653;7962;Centro;Industrial;INATIVO;CIR623;CONJ73;TR4718;MED869127;MONO;-21.536878;-42.642250;P27265
954343;Pedro Santos;Rua 173;3729;Bela Vista;Comercial;INATIVO;CIR523;CONJ86;TR2826;MED988891;MONO;-21.520552;-42.633078;P76522
511657;Maria Souza;Rua 28;373;Bela Vista;Comercial;ATIVO;CIR235;CONJ83;TR5678;MED895559;TRI;-21.533207;-42.644810;P32924
561509;Maria Souza;Rua 965;9671;Jardim Europa;Comercial;INATIVO;CIR771;CONJ49;TR3172;MED448081;BI;-21.542290;-42.649890;P17105
363630;Pedro Santos;Rua 147;195;Sao Jose;Comercial;ATIVO;CIR304;CONJ75;TR7003;MED703824;TRI;-21.505335;-42.736932;P36426
855021;Ana Lima;Rua 531;479;Jardim Europa;Comercial;ATIVO;CIR147;CONJ66;TR2021;MED248438;TRI;-21.529602;-42.649730;P86722
539041;Pedro Santos;Rua 101;2689;Centro;Rural;INATIVO;CIR959;CONJ26;TR6462;MED196366;TRI;-21.524411;-42.649912;P69285
509082;Carlos Oliveira;Rua 934;3608;Bela Vista;Residencial;ATIVO;CIR894;CONJ30;TR5792;MED356365;MONO;-21.533050;-42.638585;P83502
876322;Ana Lima;Rua 648;6121;Bela Vista;Rural;INATIVO;CIR874;CONJ57;TR6173;MED714201;BI;-21.523684;-42.634175;P41676
968884;Carlos Oliveira;Rua 316;3484;Centro;Industrial;INATIVO;CIR845;CONJ72;TR4905;MED392580;TRI;-21.541380;-42.651391;P22046
467282;Maria Souza;Rua 406;7423;Sao Jose;Residencial;ATIVO;CIR724;CONJ46;TR9731;MED886686;BI;-21.515942;-42.632443;P13401
633522;Carlos Oliveira;Rua 769;8961;Sao Jose;Industrial;INATIVO;CIR236;CONJ65;TR5772;MED407035;MONO;-21.539121;-42.651796;P52721
675301;Ana Lima;Rua 586;2373;Bela Vista;Residencial;INATIVO;CIR414;CONJ21;TR7044;MED490354;TRI;-21.512151;-42.634082;P70502
250869;Ana Lima;Rua 301;9642;Sao Jose;Industrial;ATIVO;CIR333;CONJ44;TR9784;MED745669;TRI;-21.531110;-42.642218;P15037
608574;Carlos Oliveira;Rua 968;6999;Bela Vista;Comercial;ATIVO;CIR103;CONJ60;TR6891;MED674015;BI;-21.530866;-42.649379;P58484
611031;Juliana Costa;Rua 724;2580;Centro;Rural;INATIVO;CIR124;CONJ37;TR6878;MED672441;TRI;-21.527933;-42.636449;P25519
530317;Maria Souza;Rua 475;9245;Centro;Residencial;ATIVO;CIR617;CONJ34;TR8046;MED982816;MONO;-21.531871;-42.649925;P84627
689170;Maria Souza;Rua 63;2210;Industrial;Industrial;INATIVO;CIR999;CONJ85;TR1352;MED390171;MONO;-21.549680;-42.660409;P35560
827803;Ana Lima;Rua 272;9556;Bela Vista;Residencial;INATIVO;CIR166;CONJ22;TR6597;MED605748;MONO;-21.536909;-42.607947;P60950
929050;Joao Silva;Rua 835;7248;Sao Jose;Industrial;ATIVO;CIR815;CONJ91;TR1359;MED715363;MONO;-21.519762;-42.569834;P47525
539010;Joao Silva;Rua 608;8402;Jardim Europa;Comercial;ATIVO;CIR736;CONJ28;TR2855;MED290064;MONO;-21.509298;-42.640397;P72410
533471;Juliana Costa;Rua 947;5566;Bela Vista;Residencial;INATIVO;CIR901;CONJ82;TR9081;MED318907;BI;-21.458704;-42.755644;P10086
343766;Maria Souza;Rua 740;7918;Centro;Industrial;ATIVO;CIR892;CONJ71;TR1044;MED812909;BI;-21.632824;-42.743467;P20529
437527;Ana Lima;Rua 799;587;Sao Jose;Rural;INATIVO;CIR636;CONJ13;TR4867;MED244936;MONO;-21.644260;-42.745610;P24254
693336;Maria Souza;Rua 762;9082;Centro;Residencial;INATIVO;CIR782;CONJ34;TR4066;MED955966;BI;-21.522002;-42.614013;P68059
941604;Carlos Oliveira;Rua 495;4783;Jardim Europa;Industrial;ATIVO;CIR312;CONJ39;TR3855;MED702757;BI;-21.505335;-42.736932;P16713
625470;Pedro Santos;Rua 192;8504;Centro;Comercial;ATIVO;CIR211;CONJ62;TR9732;MED957363;MONO;-21.624166;-42.689534;P50108
195713;Joao Silva;Rua 870;4631;Industrial;Industrial;ATIVO;CIR453;CONJ59;TR6642;MED277921;BI;-21.537288;-42.609849;P68034
639366;Pedro Santos;Rua 514;9634;Bela Vista;Residencial;INATIVO;CIR764;CONJ92;TR3677;MED251038;BI;-21.626920;-42.716328;P30830
800718;Joao Silva;Rua 582;3110;Bela Vista;Comercial;INATIVO;CIR924;CONJ65;TR7954;MED902481;BI;-21.512773;-42.741420;P48448
212911;Carlos Oliveira;Rua 756;5863;Bela Vista;Residencial;INATIVO;CIR605;CONJ51;TR1171;MED356795;BI;-21.518999;-42.740369;P77975
599539;Carlos Oliveira;Rua 368;1072;Centro;Industrial;INATIVO;CIR374;CONJ35;TR7611;MED643512;BI;-21.502331;-42.726500;P89734
753758;Carlos Oliveira;Rua 939;4676;Jardim Europa;Industrial;ATIVO;CIR409;CONJ76;TR7006;MED515617;TRI;-21.511150;-42.579926;P57397
836939;Juliana Costa;Rua 495;2872;Sao Jose;Residencial;INATIVO;CIR942;CONJ42;TR4286;MED178568;MONO;-21.504319;-42.670656;P31767
165502;Maria Souza;Rua 945;7143;Sao Jose;Residencial;INATIVO;CIR906;CONJ46;TR3732;MED541612;BI;-21.649802;-42.747332;P25381
209413;Carlos Oliveira;Rua 611;8132;Sao Jose;Comercial;ATIVO;CIR438;CONJ93;TR8011;MED186627;MONO;-21.475769;-42.572697;P80290
368172;Juliana Costa;Rua 541;765;Industrial;Rural;INATIVO;CIR811;CONJ19;TR9641;MED475918;MONO;-21.519142;-42.566323;P41163
864527;Ana Lima;Rua 568;3518;Bela Vista;Residencial;INATIVO;CIR489;CONJ74;TR6439;MED750968;TRI;-21.512923;-42.617300;P56687
833824;Pedro Santos;Rua 870;3948;Sao Jose;Rural;ATIVO;CIR707;CONJ11;TR7302;MED404344;BI;-21.480241;-42.570395;P16022
545598;Carlos Oliveira;Rua 560;816;Industrial;Rural;ATIVO;CIR137;CONJ35;TR6683;MED463185;MONO;-21.490554;-42.537135;P56529
213480;Joao Silva;Rua 561;1922;Jardim Europa;Comercial;ATIVO;CIR515;CONJ24;TR1402;MED917141;BI;-21.495870;-42.533018;P75514
735059;Carlos Oliveira;Rua 110;5995;Bela Vista;Comercial;INATIVO;CIR315;CONJ85;TR3712;MED233062;MONO;-21.566671;-42.694566;P57312
584981;Ana Lima;Rua 97;4764;Bela Vista;Comercial;INATIVO;CIR959;CONJ31;TR3846;MED185387;MONO;-21.532046;-42.568877;P34916
907811;Ana Lima;Rua 973;7085;Bela Vista;Comercial;INATIVO;CIR580;CONJ39;TR6793;MED622973;MONO;-21.537209;-42.610164;P80811
976942;Maria Souza;Rua 835;555;Industrial;Comercial;INATIVO;CIR942;CONJ69;TR4257;MED205847;TRI;-21.594129;-42.632034;P33743
172421;Pedro Santos;Rua 555;5094;Sao Jose;Residencial;INATIVO;CIR922;CONJ84;TR6218;MED847550;BI;-21.532111;-42.693590;P14714
939082;Juliana Costa;Rua 424;7673;Bela Vista;Rural;INATIVO;CIR147;CONJ87;TR6215;MED106537;BI;-21.598387;-42.682403;P68696
531705;Joao Silva;Rua 28;5983;Jardim Europa;Comercial;INATIVO;CIR133;CONJ35;TR1557;MED905213;BI;-21.507422;-42.540438;P69352
517093;Maria Souza;Rua 968;9173;Centro;Comercial;ATIVO;CIR771;CONJ27;TR6019;MED532780;TRI;-21.549680;-42.660409;P62053
551236;Maria Souza;Rua 187;1196;Sao Jose;Residencial;INATIVO;CIR874;CONJ25;TR2386;MED237415;TRI;-21.479723;-42.526112;P73994
821303;Maria Souza;Rua 576;8830;Bela Vista;Industrial;INATIVO;CIR496;CONJ24;TR9522;MED366756;BI;-21.495565;-42.526832;P27878
241729;Joao Silva;Rua 976;7705;Sao Jose;Comercial;INATIVO;CIR113;CONJ47;TR1730;MED701022;MONO;-21.546347;-42.616597;P25419
895645;Maria Souza;Rua 466;3508;Jardim Europa;Rural;INATIVO;CIR361;CONJ83;TR1869;MED150404;BI;-21.444333;-42.757860;P93190
682071;Joao Silva;Rua 437;8001;Centro;Residencial;ATIVO;CIR541;CONJ89;TR2802;MED119624;BI;-21.488979;-42.537578;P58718
927506;Juliana Costa;Rua 745;340;Sao Jose;Comercial;ATIVO;CIR841;CONJ92;TR2148;MED986014;BI;-21.607118;-42.698416;P42993
911401;Pedro Santos;Rua 953;5044;Centro;Residencial;ATIVO;CIR123;CONJ32;TR6798;MED659680;TRI;-21.624325;-42.738952;P19289
853851;Joao Silva;Rua 518;612;Industrial;Comercial;INATIVO;CIR442;CONJ68;TR3144;MED300980;TRI;-21.489090;-42.536417;P77596
401987;Carlos Oliveira;Rua 430;5441;Jardim Europa;Residencial;INATIVO;CIR997;CONJ63;TR9210;MED671741;BI;-21.489249;-42.712495;P75317
671733;Pedro Santos;Rua 474;2014;Jardim Europa;Industrial;INATIVO;CIR787;CONJ36;TR5215;MED294339;TRI;-21.629663;-42.742652;P86760
766817;Carlos Oliveira;Rua 847;1006;Centro;Residencial;INATIVO;CIR139;CONJ86;TR5368;MED310389;TRI;-21.610598;-42.705370;P80206
361360;Joao Silva;Rua 243;5086;Sao Jose;Residencial;ATIVO;CIR697;CONJ99;TR1856;MED713653;BI;-21.488979;-42.537578;P42468
314204;Juliana Costa;Rua 165;8292;Centro;Rural;INATIVO;CIR479;CONJ40;TR3665;MED414589;TRI;-21.487452;-42.533116;P10383
376650;Joao Silva;Rua 477;1491;Sao Jose;Industrial;ATIVO;CIR224;CONJ45;TR1861;MED575139;BI;-21.654560;-42.730692;P65287
277299;Pedro Santos;Rua 576;1593;Industrial;Rural;ATIVO;CIR371;CONJ86;TR3602;MED130307;TRI;-21.546396;-42.659947;P13812
681333;Carlos Oliveira;Rua 666;1469;Industrial;Industrial;ATIVO;CIR353;CONJ57;TR7979;MED492166;TRI;-21.503820;-42.715226;P14905
261318;Ana Lima;Rua 66;8395;Bela Vista;Industrial;ATIVO;CIR346;CONJ97;TR6414;MED812079;BI;-21.481848;-42.599079;P82508
939207;Ana Lima;Rua 415;2246;Sao Jose;Comercial;INATIVO;CIR985;CONJ56;TR4659;MED280971;BI;-21.638656;-42.744982;P41986
982147;Joao Silva;Rua 934;5910;Bela Vista;Residencial;ATIVO;CIR567;CONJ79;TR8679;MED680727;MONO;-21.518406;-42.732254;P40252
946808;Pedro Santos;Rua 972;3749;Centro;Rural;INATIVO;CIR370;CONJ12;TR1513;MED967099;TRI;-21.510250;-42.617424;P21966
825670;Maria Souza;Rua 556;4418;Jardim Europa;Comercial;INATIVO;CIR843;CONJ75;TR2456;MED150432;BI;-21.638656;-42.744982;P60762
574951;Carlos Oliveira;Rua 809;4438;Centro;Rural;ATIVO;CIR229;CONJ18;TR6102;MED739565;TRI;-21.508228;-42.734516;P10671
680465;Pedro Santos;Rua 434;4320;Jardim Europa;Rural;INATIVO;CIR318;CONJ94;TR2433;MED175686;MONO;-21.544802;-42.690833;P64163
829908;Juliana Costa;Rua 469;4550;Bela Vista;Residencial;ATIVO;CIR124;CONJ80;TR3111;MED978820;TRI;-21.576555;-42.680327;P40478
587279;Juliana Costa;Rua 761;4532;Jardim Europa;Residencial;ATIVO;CIR538;CONJ89;TR6704;MED372987;BI;-21.509797;-42.618582;P27864
916255;Juliana Costa;Rua 612;8780;Jardim Europa;Industrial;INATIVO;CIR475;CONJ38;TR5278;MED567499;TRI;-21.529715;-42.604574;P18545
317842;Carlos Oliveira;Rua 707;5390;Jardim Europa;Rural;ATIVO;CIR855;CONJ16;TR5691;MED149224;MONO;-21.506217;-42.560927;P52799
840110;Ana Lima;Rua 989;306;Centro;Rural;ATIVO;CIR114;CONJ53;TR8235;MED241515;TRI;-21.519937;-42.565130;P79396
624550;Carlos Oliveira;Rua 815;5550;Bela Vista;Comercial;INATIVO;CIR120;CONJ12;TR3917;MED929800;BI;-21.486010;-42.605410;P38986
818513;Ana Lima;Rua 576;8062;Centro;Industrial;INATIVO;CIR396;CONJ68;TR2480;MED449882;MONO;-21.498399;-42.529915;P62482
643064;Juliana Costa;Rua 228;5876;Centro;Industrial;INATIVO;CIR160;CONJ79;TR1261;MED283808;TRI;-21.490009;-42.521864;P22156
429929;Pedro Santos;Rua 788;6085;Sao Jose;Industrial;INATIVO;CIR465;CONJ46;TR4235;MED798216;MONO;-21.485617;-42.563234;P99035
240107;Joao Silva;Rua 580;156;Industrial;Industrial;INATIVO;CIR573;CONJ43;TR5400;MED527403;TRI;-21.519533;-42.705385;P41487
749104;Juliana Costa;Rua 680;6633;Industrial;Rural;ATIVO;CIR208;CONJ15;TR6226;MED285838;MONO;-21.469378;-42.536166;P49274
202237;Maria Souza;Rua 613;1036;Bela Vista;Industrial;INATIVO;CIR148;CONJ62;TR6759;MED799450;BI;-21.513773;-42.614811;P45955
949418;Ana Lima;Rua 930;9189;Sao Jose;Industrial;ATIVO;CIR438;CONJ56;TR6524;MED870844;MONO;-21.484429;-42.677374;P46249
305025;Joao Silva;Rua 526;5803;Industrial;Comercial;ATIVO;CIR718;CONJ62;TR5730;MED649691;BI;-21.495870;-42.533018;P57078
350888;Juliana Costa;Rua 986;5300;Sao Jose;Rural;ATIVO;CIR414;CONJ12;TR5795;MED532069;BI;-21.482348;-42.677008;P92970
294441;Pedro Santos;Rua 428;1500;Bela Vista;Comercial;ATIVO;CIR395;CONJ81;TR9798;MED610116;MONO;-21.545955;-42.687079;P76576
784741;Ana Lima;Rua 413;6296;Sao Jose;Residencial;INATIVO;CIR495;CONJ70;TR3242;MED474755;MONO;-21.542416;-42.695057;P49809
836105;Joao Silva;Rua 801;5683;Bela Vista;Industrial;ATIVO;CIR546;CONJ71;TR7874;MED523686;BI;-21.515091;-42.703776;P27289
349039;Ana Lima;Rua 26;796;Sao Jose;Comercial;INATIVO;CIR822;CONJ93;TR8208;MED515651;MONO;-21.499588;-42.535393;P94515
264795;Pedro Santos;Rua 525;666;Industrial;Industrial;ATIVO;CIR915;CONJ10;TR2877;MED393170;MONO;-21.529185;-42.672164;P29926
782541;Pedro Santos;Rua 933;6422;Centro;Residencial;ATIVO;CIR168;CONJ91;TR5566;MED546250;BI;-21.624111;-42.755564;P59154
806997;Maria Souza;Rua 598;4996;Jardim Europa;Comercial;INATIVO;CIR493;CONJ25;TR2121;MED683165;MONO;-21.644754;-42.740126;P80545
535393;Carlos Oliveira;Rua 455;6735;Jardim Europa;Rural;ATIVO;CIR527;CONJ52;TR9537;MED448962;MONO;-21.495616;-42.536411;P81070
997526;Ana Lima;Rua 124;5214;Industrial;Industrial;INATIVO;CIR622;CONJ26;TR2797;MED429324;TRI;-21.555839;-42.704945;P20419
141590;Ana Lima;Rua 56;7045;Bela Vista;Comercial;INATIVO;CIR868;CONJ34;TR8473;MED531920;BI;-21.536627;-42.610401;P22477
125009;Carlos Oliveira;Rua 435;7990;Industrial;Residencial;INATIVO;CIR261;CONJ50;TR2616;MED234281;TRI;-21.510139;-42.617822;P73086
830077;Carlos Oliveira;Rua 883;1329;Industrial;Rural;INATIVO;CIR703;CONJ55;TR6733;MED328200;BI;-21.494042;-42.540696;P28278
488624;Maria Souza;Rua 610;9169;Industrial;Residencial;INATIVO;CIR974;CONJ81;TR1397;MED340681;MONO;-21.537999;-42.610709;P21026
631237;Maria Souza;Rua 211;9800;Jardim Europa;Comercial;ATIVO;CIR453;CONJ14;TR3797;MED132102;MONO;-21.508102;-42.694496;P85475
212405;Juliana Costa;Rua 837;2386;Sao Jose;Industrial;ATIVO;CIR459;CONJ95;TR7800;MED954609;MONO;-21.484028;-42.706814;P23419
459633;Juliana Costa;Rua 690;1676;Sao Jose;Industrial;INATIVO;CIR943;CONJ70;TR5462;MED609789;BI;-21.494939;-42.614164;P33004
883350;Juliana Costa;Rua 737;7920;Jardim Europa;Residencial;ATIVO;CIR354;CONJ50;TR7288;MED485350;TRI;-21.609532;-42.741050;P87743
531393;Pedro Santos;Rua 645;6128;Bela Vista;Industrial;INATIVO;CIR498;CONJ37;TR7990;MED838617;TRI;-21.524288;-42.615848;P82275
697261;Ana Lima;Rua 402;3016;Centro;Industrial;ATIVO;CIR422;CONJ87;TR7437;MED217791;BI;-21.439109;-42.762424;P53487
943912;Pedro Santos;Rua 972;1045;Jardim Europa;Comercial;ATIVO;CIR690;CONJ44;TR3485;MED664531;BI;-21.461146;-42.538457;P44671
276044;Pedro Santos;Rua 671;6273;Bela Vista;Rural;INATIVO;CIR583;CONJ39;TR3317;MED794304;MONO;-21.481588;-42.676217;P89961
276677;Juliana Costa;Rua 140;2932;Jardim Europa;Residencial;ATIVO;CIR563;CONJ31;TR7988;MED482539;BI;-21.536246;-42.607670;P32460
721758;Carlos Oliveira;Rua 513;493;Centro;Residencial;ATIVO;CIR153;CONJ54;TR4804;MED743459;BI;-21.476335;-42.732933;P21404
568671;Joao Silva;Rua 255;518;Industrial;Residencial;INATIVO;CIR846;CONJ41;TR4159;MED752055;BI;-21.465285;-42.539921;P73529
730194;Pedro Santos;Rua 982;4486;Industrial;Rural;INATIVO;CIR374;CONJ29;TR3808;MED735877;MONO;-21.487317;-42.718803;P53580
802974;Maria Souza;Rua 245;9906;Jardim Europa;Residencial;INATIVO;CIR160;CONJ29;TR9611;MED211709;MONO;-21.499227;-42.536104;P59067
647751;Pedro Santos;Rua 940;7302;Centro;Residencial;ATIVO;CIR202;CONJ57;TR8689;MED325867;BI;-21.516365;-42.633153;P75177
595460;Pedro Santos;Rua 919;5159;Bela Vista;Industrial;INATIVO;CIR325;CONJ69;TR3463;MED121706;TRI;-21.536355;-42.641040;P28602
429508;Carlos Oliveira;Rua 272;247;Centro;Industrial;ATIVO;CIR139;CONJ27;TR4828;MED799087;MONO;-21.518486;-42.631454;P47022
544669;Pedro Santos;Rua 29;2548;Industrial;Rural;INATIVO;CIR354;CONJ55;TR2659;MED526901;BI;-21.517696;-42.632393;P18926
163556;Joao Silva;Rua 76;2231;Sao Jose;Comercial;ATIVO;CIR300;CONJ39;TR8516;MED175850;MONO;-21.514565;-42.613513;P57334
345326;Ana Lima;Rua 536;4329;Industrial;Residencial;ATIVO;CIR856;CONJ65;TR3006;MED839686;BI;-21.522981;-42.630985;P14747
249344;Ana Lima;Rua 108;1716;Centro;Comercial;ATIVO;CIR896;CONJ68;TR9756;MED707072;TRI;-21.518750;-42.634460;P18845
872193;Ana Lima;Rua 10;4585;Jardim Europa;Industrial;ATIVO;CIR660;CONJ88;TR7081;MED200721;MONO;-21.543911;-42.658273;P88606
296805;Maria Souza;Rua 136;9685;Industrial;Residencial;ATIVO;CIR289;CONJ97;TR1625;MED106855;MONO;-21.536224;-42.641632;P40258
756815;Pedro Santos;Rua 72;9859;Industrial;Rural;ATIVO;CIR248;CONJ35;TR5916;MED435983;BI;-21.518121;-42.631935;P37996
842962;Carlos Oliveira;Rua 920;5994;Jardim Europa;Rural;INATIVO;CIR641;CONJ91;TR3755;MED956838;TRI;-21.541824;-42.650730;P73457
136847;Joao Silva;Rua 373;3877;Jardim Europa;Rural;INATIVO;CIR755;CONJ60;TR9988;MED674522;BI;-21.532996;-42.648188;P71034
104340;Maria Souza;Rua 64;4044;Industrial;Residencial;ATIVO;CIR519;CONJ30;TR1619;MED651193;TRI;-21.541824;-42.650730;P81193
172664;Joao Silva;Rua 396;5562;Centro;Rural;INATIVO;CIR298;CONJ43;TR7467;MED302399;TRI;-21.523165;-42.635088;P62506
412322;Pedro Santos;Rua 490;1349;Bela Vista;Residencial;INATIVO;CIR771;CONJ59;TR5813;MED225710;MONO;-21.545247;-42.655664;P59490
832166;Ana Lima;Rua 360;1910;Sao Jose;Residencial;ATIVO;CIR369;CONJ66;TR6784;MED525223;MONO;-21.524354;-42.631827;P49231
961603;Pedro Santos;Rua 281;3273;Bela Vista;Rural;ATIVO;CIR641;CONJ69;TR5526;MED577920;BI;-21.516256;-42.633116;P93139
476864;Pedro Santos;Rua 62;996;Industrial;Rural;ATIVO;CIR898;CONJ67;TR5221;MED157253;TRI;-21.516919;-42.635505;P12303
111996;Ana Lima;Rua 237;3045;Bela Vista;Industrial;ATIVO;CIR548;CONJ87;TR6615;MED696449;TRI;-21.529545;-42.639114;P33222
345933;Joao Silva;Rua 406;4167;Sao Jose;Industrial;INATIVO;CIR868;CONJ60;TR1413;MED191620;BI;-21.514954;-42.633705;P53902
609711;Carlos Oliveira;Rua 999;3310;Industrial;Residencial;ATIVO;CIR938;CONJ21;TR1927;MED770390;TRI;-21.527865;-42.624003;P65106
422554;Maria Souza;Rua 306;9453;Jardim Europa;Residencial;INATIVO;CIR324;CONJ57;TR1444;MED277089;BI;-21.520628;-42.633819;P46152
698563;Joao Silva;Rua 579;9936;Sao Jose;Rural;INATIVO;CIR796;CONJ83;TR8926;MED274871;MONO;-21.528099;-42.628505;P15726
521717;Maria Souza;Rua 493;5209;Industrial;Industrial;INATIVO;CIR644;CONJ23;TR4273;MED943358;MONO;-21.517741;-42.633312;P43350
327961;Ana Lima;Rua 649;6939;Industrial;Rural;ATIVO;CIR466;CONJ24;TR3235;MED236316;MONO;-21.528441;-42.637067;P51635
639441;Juliana Costa;Rua 21;4708;Industrial;Comercial;ATIVO;CIR285;CONJ18;TR2136;MED522134;TRI;-21.521771;-42.634841;P81464
